city,state,year,month,avg_aqi,pm2_5,pm10,no2,so2,o3,avg_temperature_c,avg_humidity_percent,rainfall_mm,population_millions_est
Delhi,Delhi,2019,1,227,101.0,176.7,55.5,7.5,15.3,24.7,76,6.2,19.0
Delhi,Delhi,2019,2,188,80.9,136.3,45.9,4.2,10.9,25.3,49,37.6,19.0
Delhi,Delhi,2019,3,166,63.4,139.2,41.9,8.1,14.2,25.4,66,0.0,19.0
Delhi,Delhi,2019,4,185,78.4,135.8,40.6,11.7,19.7,23.8,77,0.0,19.0
Delhi,Delhi,2019,5,183,66.7,124.0,45.3,9.5,20.8,26.7,60,0.0,19.0
Delhi,Delhi,2019,6,149,63.4,122.3,44.5,4.5,24.3,25.8,54,244.5,19.0
Delhi,Delhi,2019,7,175,86.2,122.9,41.9,8.7,25.5,25.6,62,175.7,19.0
Delhi,Delhi,2019,8,142,70.4,120.1,41.7,10.0,25.0,25.1,70,281.5,19.0
Delhi,Delhi,2019,9,179,93.1,108.1,48.9,8.2,18.8,27.3,35,16.2,19.0
Delhi,Delhi,2019,10,185,95.1,133.6,39.4,7.0,24.4,28.0,57,45.5,19.0
Delhi,Delhi,2019,11,221,107.2,158.7,44.1,7.2,9.6,27.9,68,25.2,19.0
Delhi,Delhi,2019,12,216,85.9,157.8,43.7,6.4,16.5,21.2,93,32.0,19.0
Delhi,Delhi,2020,1,223,99.8,148.1,46.0,8.1,29.1,19.4,69,23.6,19.0
Delhi,Delhi,2020,2,162,82.0,129.0,47.8,6.2,28.7,22.8,73,112.6,19.0
Delhi,Delhi,2020,3,165,69.7,124.7,40.2,4.9,21.7,23.8,72,0.0,19.0
Delhi,Delhi,2020,4,203,85.1,149.0,50.0,5.5,19.5,30.9,40,32.4,19.0
Delhi,Delhi,2020,5,183,88.6,124.9,36.2,9.0,21.4,27.8,70,0.0,19.0
Delhi,Delhi,2020,6,163,75.7,115.1,54.3,8.9,15.6,29.0,50,251.5,19.0
Delhi,Delhi,2020,7,177,73.1,142.4,46.3,9.6,29.9,26.3,53,184.4,19.0
Delhi,Delhi,2020,8,147,65.5,113.7,44.0,9.7,22.9,31.4,61,328.8,19.0
Delhi,Delhi,2020,9,189,78.2,131.0,47.3,7.6,23.1,28.4,63,0.0,19.0
Delhi,Delhi,2020,10,157,67.1,126.3,44.1,5.5,22.9,28.2,51,31.1,19.0
Delhi,Delhi,2020,11,220,89.9,168.6,49.4,10.2,22.3,22.9,50,45.6,19.0
Delhi,Delhi,2020,12,227,106.3,208.8,49.8,10.3,21.2,22.0,60,55.4,19.0
Delhi,Delhi,2021,1,208,91.7,151.1,45.9,12.6,8.6,22.1,40,6.1,19.0
Delhi,Delhi,2021,2,196,88.7,136.2,40.5,9.4,15.3,27.6,65,0.0,19.0
Delhi,Delhi,2021,3,212,100.5,138.7,46.7,6.7,21.9,24.6,63,45.2,19.0
Delhi,Delhi,2021,4,192,76.8,140.7,41.8,6.7,28.1,28.2,46,61.7,19.0
Delhi,Delhi,2021,5,211,103.2,143.1,42.6,10.5,14.2,28.3,76,0.0,19.0
Delhi,Delhi,2021,6,159,45.6,109.0,41.4,5.5,30.0,22.7,58,225.2,19.0
Delhi,Delhi,2021,7,181,70.0,147.4,44.1,6.0,22.4,27.6,55,222.8,19.0
Delhi,Delhi,2021,8,154,70.2,122.1,52.2,5.5,32.9,21.1,62,243.5,19.0
Delhi,Delhi,2021,9,184,77.8,135.9,41.2,6.8,24.1,28.1,54,61.0,19.0
Delhi,Delhi,2021,10,184,89.3,144.3,39.2,6.9,23.6,28.8,64,29.7,19.0
Delhi,Delhi,2021,11,239,102.8,184.7,45.7,7.6,21.0,29.5,77,77.2,19.0
Delhi,Delhi,2021,12,220,104.5,161.9,47.9,7.7,17.5,21.8,52,108.7,19.0
Delhi,Delhi,2022,1,204,82.1,164.6,49.9,9.2,21.4,20.0,51,28.0,19.0
Delhi,Delhi,2022,2,169,83.9,125.3,38.5,7.4,23.1,25.3,52,34.7,19.0
Delhi,Delhi,2022,3,183,78.3,132.5,45.5,5.1,12.9,24.8,61,37.4,19.0
Delhi,Delhi,2022,4,202,97.8,149.9,45.0,6.0,18.3,26.1,69,0.0,19.0
Delhi,Delhi,2022,5,187,96.4,139.2,46.8,9.4,17.6,27.7,65,28.9,19.0
Delhi,Delhi,2022,6,148,66.8,116.0,51.1,9.9,33.5,24.7,78,227.3,19.0
Delhi,Delhi,2022,7,192,79.9,135.6,41.0,3.8,16.6,24.7,67,233.7,19.0
Delhi,Delhi,2022,8,188,92.2,135.2,39.0,9.0,13.0,32.5,82,201.2,19.0
Delhi,Delhi,2022,9,154,80.1,114.4,50.1,4.8,19.3,27.0,65,7.0,19.0
Delhi,Delhi,2022,10,189,76.5,140.3,45.2,9.0,23.0,23.6,41,76.1,19.0
Delhi,Delhi,2022,11,224,94.8,183.5,46.9,10.4,17.0,33.2,91,15.0,19.0
Delhi,Delhi,2022,12,234,110.5,189.2,40.9,9.4,21.2,14.7,47,0.0,19.0
Delhi,Delhi,2023,1,215,102.5,176.3,46.2,11.3,10.5,14.9,64,40.4,19.0
Delhi,Delhi,2023,2,179,64.0,133.4,36.1,9.3,22.1,24.2,57,0.0,19.0
Delhi,Delhi,2023,3,179,88.2,124.4,47.0,6.9,16.3,26.7,49,2.9,19.0
Delhi,Delhi,2023,4,162,88.6,121.9,38.9,8.4,21.1,26.3,74,55.3,19.0
Delhi,Delhi,2023,5,172,72.8,126.2,29.8,5.0,27.7,31.9,61,48.1,19.0
Delhi,Delhi,2023,6,164,98.4,134.2,42.4,6.1,13.4,27.6,53,163.1,19.0
Delhi,Delhi,2023,7,150,58.8,129.4,47.8,8.0,30.0,27.2,52,280.9,19.0
Delhi,Delhi,2023,8,168,67.3,124.1,38.1,5.2,25.8,32.7,44,242.5,19.0
Delhi,Delhi,2023,9,170,72.6,121.6,38.3,8.1,16.8,27.8,64,15.4,19.0
Delhi,Delhi,2023,10,166,70.1,132.1,46.3,6.0,21.8,29.3,39,46.7,19.0
Delhi,Delhi,2023,11,210,99.1,149.9,34.7,4.7,18.0,27.8,51,50.5,19.0
Delhi,Delhi,2023,12,195,87.2,134.1,40.8,8.1,14.7,18.8,80,1.9,19.0
Delhi,Delhi,2024,1,232,95.4,179.3,55.2,3.1,12.1,21.7,61,39.8,19.0
Delhi,Delhi,2024,2,170,77.2,125.9,50.5,8.5,22.7,25.8,57,7.7,19.0
Delhi,Delhi,2024,3,185,79.9,141.6,56.7,9.7,18.2,30.6,58,0.0,19.0
Delhi,Delhi,2024,4,164,58.8,119.5,43.3,11.4,23.1,26.3,77,0.0,19.0
Delhi,Delhi,2024,5,183,88.5,122.5,51.0,8.7,17.9,28.9,95,32.3,19.0
Delhi,Delhi,2024,6,163,69.7,113.8,48.1,6.3,21.9,25.6,72,233.3,19.0
Delhi,Delhi,2024,7,175,74.7,128.6,37.9,7.1,22.5,29.3,51,254.8,19.0
Delhi,Delhi,2024,8,180,84.3,153.8,39.4,5.5,11.3,31.5,74,217.8,19.0
Delhi,Delhi,2024,9,184,73.8,162.5,45.0,8.2,23.5,28.4,68,0.0,19.0
Delhi,Delhi,2024,10,187,99.2,153.7,53.9,7.0,14.7,26.6,65,68.8,19.0
Delhi,Delhi,2024,11,194,99.5,143.9,42.1,6.0,10.8,29.5,66,0.0,19.0
Delhi,Delhi,2024,12,200,87.3,166.7,43.4,5.0,17.4,19.2,30,22.8,19.0
Mumbai,Maharashtra,2019,1,156,75.8,135.5,49.6,7.5,16.6,27.7,65,25.6,20.4
Mumbai,Maharashtra,2019,2,119,55.1,87.8,37.5,6.9,24.9,25.4,54,29.3,20.4
Mumbai,Maharashtra,2019,3,116,64.2,60.5,47.3,10.5,15.0,26.0,59,0.0,20.4
Mumbai,Maharashtra,2019,4,108,39.7,98.5,46.0,10.5,29.6,23.6,57,44.6,20.4
Mumbai,Maharashtra,2019,5,101,51.2,73.3,37.8,9.4,28.7,25.9,82,0.0,20.4
Mumbai,Maharashtra,2019,6,109,53.8,78.7,42.4,5.5,30.5,26.4,57,262.0,20.4
Mumbai,Maharashtra,2019,7,89,28.8,51.2,43.1,5.4,36.3,20.8,90,228.4,20.4
Mumbai,Maharashtra,2019,8,98,39.7,77.5,39.7,10.2,27.3,27.5,59,217.7,20.4
Mumbai,Maharashtra,2019,9,124,42.1,79.5,45.7,8.3,23.8,27.1,70,3.4,20.4
Mumbai,Maharashtra,2019,10,108,50.2,71.2,42.8,4.6,31.1,28.4,68,64.3,20.4
Mumbai,Maharashtra,2019,11,184,90.9,119.6,36.5,6.8,20.0,28.6,54,32.5,20.4
Mumbai,Maharashtra,2019,12,148,61.7,96.9,36.9,5.3,17.9,23.2,50,130.3,20.4
Mumbai,Maharashtra,2020,1,167,76.6,116.7,47.6,6.8,21.9,27.7,63,71.0,20.4
Mumbai,Maharashtra,2020,2,109,48.8,99.5,36.7,11.6,29.4,25.3,74,63.9,20.4
Mumbai,Maharashtra,2020,3,129,45.5,89.5,40.0,7.9,27.4,27.5,44,40.2,20.4
Mumbai,Maharashtra,2020,4,129,62.5,107.6,46.5,8.9,23.9,22.0,71,33.3,20.4
Mumbai,Maharashtra,2020,5,124,45.6,82.2,47.5,7.9,28.1,27.1,65,62.5,20.4
Mumbai,Maharashtra,2020,6,92,42.2,64.4,37.0,7.4,28.4,25.6,83,184.2,20.4
Mumbai,Maharashtra,2020,7,97,40.1,87.2,41.0,10.1,19.4,27.8,78,223.3,20.4
Mumbai,Maharashtra,2020,8,115,47.6,100.3,54.5,7.3,23.2,31.4,88,199.1,20.4
Mumbai,Maharashtra,2020,9,113,48.6,71.3,35.1,6.0,21.7,26.9,68,87.0,20.4
Mumbai,Maharashtra,2020,10,105,55.1,76.6,40.0,9.3,20.6,28.1,67,44.7,20.4
Mumbai,Maharashtra,2020,11,164,93.4,116.6,40.0,6.8,18.7,25.1,82,81.8,20.4
Mumbai,Maharashtra,2020,12,151,61.3,118.0,39.2,9.3,23.5,15.5,88,96.8,20.4
Mumbai,Maharashtra,2021,1,150,64.4,115.4,44.5,9.3,32.7,19.5,53,0.0,20.4
Mumbai,Maharashtra,2021,2,109,48.8,99.7,37.3,8.4,25.8,30.6,95,3.8,20.4
Mumbai,Maharashtra,2021,3,112,58.8,90.8,51.7,9.2,23.8,28.8,81,57.8,20.4
Mumbai,Maharashtra,2021,4,127,65.7,106.9,49.6,9.3,23.6,27.4,83,0.0,20.4
Mumbai,Maharashtra,2021,5,125,53.1,94.0,48.9,8.4,24.8,22.9,76,50.8,20.4
Mumbai,Maharashtra,2021,6,132,56.9,101.2,43.1,11.2,23.6,27.8,74,227.5,20.4
Mumbai,Maharashtra,2021,7,93,43.4,80.5,33.5,8.3,23.7,30.6,42,197.6,20.4
Mumbai,Maharashtra,2021,8,105,59.8,78.1,36.9,11.8,19.0,20.4,71,199.9,20.4
Mumbai,Maharashtra,2021,9,104,52.5,80.4,36.8,5.4,30.6,29.0,63,98.9,20.4
Mumbai,Maharashtra,2021,10,103,34.1,70.3,39.9,8.5,25.2,28.1,46,82.8,20.4
Mumbai,Maharashtra,2021,11,158,80.0,121.9,45.6,9.1,24.2,28.9,84,32.9,20.4
Mumbai,Maharashtra,2021,12,170,75.8,141.9,39.4,11.6,20.8,15.7,66,0.0,20.4
Mumbai,Maharashtra,2022,1,172,72.2,124.5,32.3,7.1,8.7,15.2,76,56.4,20.4
Mumbai,Maharashtra,2022,2,126,49.0,94.0,41.3,5.7,32.0,29.6,61,26.1,20.4
Mumbai,Maharashtra,2022,3,123,39.0,89.8,37.1,6.0,23.4,32.4,74,2.2,20.4
Mumbai,Maharashtra,2022,4,128,68.8,105.2,41.8,6.7,27.9,28.2,78,50.4,20.4
Mumbai,Maharashtra,2022,5,135,56.5,114.4,42.9,12.2,20.4,32.2,67,0.0,20.4
Mumbai,Maharashtra,2022,6,92,38.8,73.2,42.7,6.9,27.1,33.4,90,237.5,20.4
Mumbai,Maharashtra,2022,7,100,46.0,81.1,33.9,7.5,18.3,28.2,74,200.7,20.4
Mumbai,Maharashtra,2022,8,123,45.5,77.6,42.5,10.1,33.2,25.6,81,218.5,20.4
Mumbai,Maharashtra,2022,9,117,59.7,94.3,31.4,11.0,32.1,25.1,70,44.8,20.4
Mumbai,Maharashtra,2022,10,123,50.9,85.5,41.0,10.3,27.5,25.9,76,0.0,20.4
Mumbai,Maharashtra,2022,11,177,65.7,129.1,37.1,5.4,26.2,25.6,70,23.1,20.4
Mumbai,Maharashtra,2022,12,167,75.8,112.4,49.3,7.0,13.5,18.7,87,59.0,20.4
Mumbai,Maharashtra,2023,1,154,66.5,112.3,55.2,8.8,24.4,23.1,68,14.6,20.4
Mumbai,Maharashtra,2023,2,117,52.1,87.4,45.2,8.1,28.9,26.8,66,0.0,20.4
Mumbai,Maharashtra,2023,3,133,62.6,109.7,24.3,12.2,23.3,30.3,49,49.5,20.4
Mumbai,Maharashtra,2023,4,104,41.8,97.1,39.1,8.4,30.6,28.5,67,39.6,20.4
Mumbai,Maharashtra,2023,5,156,69.7,119.0,49.1,10.2,28.1,28.9,47,90.3,20.4
Mumbai,Maharashtra,2023,6,82,39.3,54.0,38.7,8.7,29.6,28.3,89,238.1,20.4
Mumbai,Maharashtra,2023,7,96,50.9,83.9,32.4,9.2,30.4,26.1,85,214.0,20.4
Mumbai,Maharashtra,2023,8,101,44.1,75.9,33.5,5.1,34.5,24.5,50,133.9,20.4
Mumbai,Maharashtra,2023,9,110,38.9,98.9,46.6,6.6,37.1,29.9,60,0.0,20.4
Mumbai,Maharashtra,2023,10,154,58.2,99.0,48.8,12.9,29.2,28.7,73,59.1,20.4
Mumbai,Maharashtra,2023,11,171,79.2,129.3,43.2,6.5,19.5,21.9,63,0.0,20.4
Mumbai,Maharashtra,2023,12,143,65.8,121.2,47.7,4.9,18.2,22.8,50,16.0,20.4
Mumbai,Maharashtra,2024,1,168,67.9,127.1,35.4,6.8,22.8,15.2,71,24.2,20.4
Mumbai,Maharashtra,2024,2,128,59.4,109.6,42.2,7.1,25.0,28.6,65,26.6,20.4
Mumbai,Maharashtra,2024,3,109,43.7,67.7,50.9,5.5,22.4,24.8,78,13.2,20.4
Mumbai,Maharashtra,2024,4,138,56.7,106.3,36.9,12.3,17.6,27.9,74,41.6,20.4
Mumbai,Maharashtra,2024,5,117,51.6,88.2,40.0,9.9,36.3,25.3,44,21.5,20.4
Mumbai,Maharashtra,2024,6,138,55.7,119.9,52.0,6.9,26.4,31.9,59,211.9,20.4
Mumbai,Maharashtra,2024,7,91,32.8,61.8,32.2,8.1,23.5,27.7,41,233.2,20.4
Mumbai,Maharashtra,2024,8,112,34.5,87.7,48.0,5.6,34.0,28.3,54,217.8,20.4
Mumbai,Maharashtra,2024,9,128,58.2,101.4,35.9,8.3,17.3,26.7,51,0.0,20.4
Mumbai,Maharashtra,2024,10,138,70.8,109.6,35.3,7.4,29.6,27.4,95,40.7,20.4
Mumbai,Maharashtra,2024,11,162,70.4,122.8,42.2,9.4,26.4,24.6,45,0.0,20.4
Mumbai,Maharashtra,2024,12,167,66.3,103.7,45.7,13.0,21.2,22.5,66,21.0,20.4
Pune,Maharashtra,2019,1,148,64.3,113.7,44.3,6.7,27.7,19.5,53,46.5,7.4
Pune,Maharashtra,2019,2,81,36.7,60.7,45.6,8.9,28.0,29.5,85,47.3,7.4
Pune,Maharashtra,2019,3,95,32.3,60.6,37.9,6.8,26.1,27.2,72,22.2,7.4
Pune,Maharashtra,2019,4,102,46.4,56.7,34.5,7.7,20.4,28.8,87,73.8,7.4
Pune,Maharashtra,2019,5,91,52.9,69.7,37.5,6.8,25.8,25.8,67,31.4,7.4
Pune,Maharashtra,2019,6,75,37.2,68.2,44.4,5.0,15.8,29.8,44,211.0,7.4
Pune,Maharashtra,2019,7,57,11.2,48.2,42.4,6.8,17.1,25.4,70,160.8,7.4
Pune,Maharashtra,2019,8,77,34.5,63.5,39.6,6.1,34.4,26.5,64,182.7,7.4
Pune,Maharashtra,2019,9,88,32.5,64.3,49.7,5.3,19.5,31.4,61,0.0,7.4
Pune,Maharashtra,2019,10,110,44.7,100.8,44.6,7.0,36.6,25.2,76,37.0,7.4
Pune,Maharashtra,2019,11,154,81.8,115.8,38.2,8.9,18.9,33.0,67,10.4,7.4
Pune,Maharashtra,2019,12,137,50.9,93.0,49.1,6.7,18.4,21.6,82,53.8,7.4
Pune,Maharashtra,2020,1,149,61.0,97.5,51.5,7.4,21.4,24.0,73,43.2,7.4
Pune,Maharashtra,2020,2,127,52.0,104.5,41.7,8.5,32.1,28.5,73,67.9,7.4
Pune,Maharashtra,2020,3,89,33.3,56.3,27.7,12.1,22.0,26.3,60,37.3,7.4
Pune,Maharashtra,2020,4,107,55.0,74.4,39.3,8.6,24.8,31.8,72,54.4,7.4
Pune,Maharashtra,2020,5,104,56.2,79.8,32.4,8.8,23.0,25.4,73,74.5,7.4
Pune,Maharashtra,2020,6,75,36.2,73.3,40.2,13.2,31.4,21.7,76,235.2,7.4
Pune,Maharashtra,2020,7,94,47.7,69.1,32.4,7.6,22.8,25.3,73,286.8,7.4
Pune,Maharashtra,2020,8,80,26.4,64.4,46.2,6.8,27.5,27.0,53,245.9,7.4
Pune,Maharashtra,2020,9,93,45.2,60.9,37.0,9.4,25.3,32.2,59,34.0,7.4
Pune,Maharashtra,2020,10,108,37.3,63.4,31.2,10.5,23.2,34.7,56,32.4,7.4
Pune,Maharashtra,2020,11,158,87.1,139.1,50.2,10.0,24.9,29.3,56,0.0,7.4
Pune,Maharashtra,2020,12,134,58.9,96.0,45.9,9.9,24.3,24.4,47,17.3,7.4
Pune,Maharashtra,2021,1,124,40.9,92.2,40.5,11.0,27.8,16.9,92,73.8,7.4
Pune,Maharashtra,2021,2,103,44.5,67.7,37.9,10.2,35.8,31.6,57,0.0,7.4
Pune,Maharashtra,2021,3,97,29.5,76.0,39.0,7.1,18.9,28.5,57,0.0,7.4
Pune,Maharashtra,2021,4,51,22.7,56.0,47.5,7.1,27.5,28.4,50,37.1,7.4
Pune,Maharashtra,2021,5,106,57.5,78.5,39.1,6.2,22.0,26.3,70,61.5,7.4
Pune,Maharashtra,2021,6,62,39.8,43.8,38.0,6.5,17.5,29.7,76,208.7,7.4
Pune,Maharashtra,2021,7,76,38.3,41.4,35.6,9.6,22.2,27.9,44,238.7,7.4
Pune,Maharashtra,2021,8,74,20.4,67.1,34.3,6.4,29.7,30.4,49,222.5,7.4
Pune,Maharashtra,2021,9,101,51.0,77.5,37.8,6.3,27.0,23.8,30,42.5,7.4
Pune,Maharashtra,2021,10,108,29.7,70.9,44.1,12.1,26.1,24.8,62,80.0,7.4
Pune,Maharashtra,2021,11,125,49.9,88.9,35.5,8.2,32.7,28.0,61,13.3,7.4
Pune,Maharashtra,2021,12,111,57.0,82.5,39.5,14.4,27.2,17.7,58,70.9,7.4
Pune,Maharashtra,2022,1,136,49.7,111.2,37.8,11.7,29.1,18.7,84,27.7,7.4
Pune,Maharashtra,2022,2,107,52.0,71.8,36.5,10.1,24.4,25.8,50,41.9,7.4
Pune,Maharashtra,2022,3,125,47.7,94.0,49.7,7.8,26.9,23.8,71,17.5,7.4
Pune,Maharashtra,2022,4,109,58.5,107.6,43.9,8.7,26.9,25.9,70,13.2,7.4
Pune,Maharashtra,2022,5,97,54.2,62.7,46.7,10.6,26.2,20.6,55,76.9,7.4
Pune,Maharashtra,2022,6,74,25.3,50.5,43.7,9.1,27.5,25.9,59,183.1,7.4
Pune,Maharashtra,2022,7,99,42.0,86.4,49.1,10.0,24.5,28.2,64,183.9,7.4
Pune,Maharashtra,2022,8,79,26.1,71.1,36.2,8.4,29.7,26.2,73,201.0,7.4
Pune,Maharashtra,2022,9,108,37.8,82.3,52.0,6.0,22.6,28.5,67,39.0,7.4
Pune,Maharashtra,2022,10,102,51.0,87.6,42.6,7.5,29.8,32.7,63,0.0,7.4
Pune,Maharashtra,2022,11,151,67.0,91.5,47.6,6.9,22.1,28.0,67,53.4,7.4
Pune,Maharashtra,2022,12,128,61.7,93.4,45.8,9.2,19.7,23.3,56,57.3,7.4
Pune,Maharashtra,2023,1,140,77.7,102.8,39.9,8.0,21.9,22.4,40,0.0,7.4
Pune,Maharashtra,2023,2,78,42.7,75.6,38.3,7.7,28.7,30.5,51,34.5,7.4
Pune,Maharashtra,2023,3,109,53.1,83.6,46.5,2.6,29.3,25.0,37,45.4,7.4
Pune,Maharashtra,2023,4,115,50.7,95.8,50.4,10.6,33.6,29.2,66,0.0,7.4
Pune,Maharashtra,2023,5,91,34.2,90.0,38.5,8.2,30.1,27.1,90,0.1,7.4
Pune,Maharashtra,2023,6,77,28.7,44.5,35.2,7.9,26.3,24.9,43,216.7,7.4
Pune,Maharashtra,2023,7,52,29.5,39.8,28.9,7.4,26.7,28.0,85,145.0,7.4
Pune,Maharashtra,2023,8,76,32.9,63.7,40.1,6.5,26.9,24.6,81,220.9,7.4
Pune,Maharashtra,2023,9,123,54.9,85.2,32.1,4.4,16.8,27.8,72,0.0,7.4
Pune,Maharashtra,2023,10,108,44.7,82.5,50.1,9.8,24.6,24.3,32,0.0,7.4
Pune,Maharashtra,2023,11,131,51.1,96.9,42.0,7.6,20.9,27.5,71,0.0,7.4
Pune,Maharashtra,2023,12,156,69.4,117.2,47.0,8.5,26.9,20.9,55,39.5,7.4
Pune,Maharashtra,2024,1,117,53.5,87.4,39.6,7.7,15.8,18.4,66,31.4,7.4
Pune,Maharashtra,2024,2,79,45.7,50.6,44.8,8.9,25.0,32.3,47,61.8,7.4
Pune,Maharashtra,2024,3,110,44.1,96.4,39.0,8.6,27.1,26.6,77,56.7,7.4
Pune,Maharashtra,2024,4,68,41.0,34.4,44.6,10.3,23.7,25.8,48,16.4,7.4
Pune,Maharashtra,2024,5,90,46.7,80.6,47.9,6.9,26.4,21.9,52,63.6,7.4
Pune,Maharashtra,2024,6,99,34.7,68.3,39.8,8.6,22.6,28.3,57,219.4,7.4
Pune,Maharashtra,2024,7,83,37.4,57.9,38.5,7.8,26.1,26.2,88,242.4,7.4
Pune,Maharashtra,2024,8,70,37.1,49.2,45.5,8.7,28.5,28.3,41,174.9,7.4
Pune,Maharashtra,2024,9,77,35.8,75.1,52.2,9.3,30.9,21.6,56,0.0,7.4
Pune,Maharashtra,2024,10,85,36.9,59.0,27.4,9.5,22.4,27.7,95,0.0,7.4
Pune,Maharashtra,2024,11,97,41.4,83.8,51.6,5.5,29.3,25.6,63,130.8,7.4
Pune,Maharashtra,2024,12,112,52.4,88.7,47.1,8.2,27.2,18.8,69,11.3,7.4
Bengaluru,Karnataka,2019,1,134,57.3,104.3,41.5,10.3,23.6,14.7,83,0.0,13.6
Bengaluru,Karnataka,2019,2,75,29.0,70.0,25.9,14.3,33.9,27.7,64,36.4,13.6
Bengaluru,Karnataka,2019,3,92,46.6,74.6,40.1,7.6,26.5,26.4,82,48.7,13.6
Bengaluru,Karnataka,2019,4,40,23.2,31.9,36.9,7.2,37.0,29.8,53,41.3,13.6
Bengaluru,Karnataka,2019,5,70,20.5,46.2,43.7,9.9,31.6,29.2,72,0.0,13.6
Bengaluru,Karnataka,2019,6,71,38.4,60.8,45.7,9.4,30.7,30.2,64,184.7,13.6
Bengaluru,Karnataka,2019,7,62,21.9,39.7,37.2,6.4,28.1,21.3,68,220.0,13.6
Bengaluru,Karnataka,2019,8,52,28.7,48.4,28.0,6.5,26.6,24.2,77,212.2,13.6
Bengaluru,Karnataka,2019,9,81,20.4,67.1,31.6,8.1,29.5,31.1,45,0.0,13.6
Bengaluru,Karnataka,2019,10,87,53.6,77.6,40.6,7.0,31.7,24.1,72,45.2,13.6
Bengaluru,Karnataka,2019,11,140,85.1,108.9,38.9,7.9,14.6,24.9,58,4.0,13.6
Bengaluru,Karnataka,2019,12,127,50.6,106.5,41.4,8.0,22.8,20.5,77,0.0,13.6
Bengaluru,Karnataka,2020,1,115,49.3,72.8,35.8,7.0,29.8,20.8,67,59.0,13.6
Bengaluru,Karnataka,2020,2,82,40.0,60.5,40.7,6.8,15.8,26.6,86,62.0,13.6
Bengaluru,Karnataka,2020,3,99,54.4,75.1,41.1,6.8,25.1,28.8,83,19.4,13.6
Bengaluru,Karnataka,2020,4,78,35.1,64.5,30.2,3.4,25.6,23.3,57,19.1,13.6
Bengaluru,Karnataka,2020,5,78,46.7,61.8,40.7,9.2,22.7,30.1,63,51.8,13.6
Bengaluru,Karnataka,2020,6,48,9.2,44.2,39.7,6.2,26.4,30.4,47,285.7,13.6
Bengaluru,Karnataka,2020,7,51,28.1,35.0,41.2,6.9,29.7,27.1,49,249.6,13.6
Bengaluru,Karnataka,2020,8,57,23.8,32.8,22.5,7.6,42.1,29.4,64,209.5,13.6
Bengaluru,Karnataka,2020,9,85,42.6,51.9,45.9,9.4,31.4,28.3,65,51.9,13.6
Bengaluru,Karnataka,2020,10,93,39.0,64.0,40.3,11.1,21.0,22.6,67,27.0,13.6
Bengaluru,Karnataka,2020,11,127,59.1,93.0,50.3,4.8,20.3,26.7,40,18.0,13.6
Bengaluru,Karnataka,2020,12,149,67.2,114.1,34.9,6.8,20.8,19.0,84,47.3,13.6
Bengaluru,Karnataka,2021,1,108,50.6,86.0,47.2,11.2,20.9,17.6,46,15.6,13.6
Bengaluru,Karnataka,2021,2,91,48.8,67.5,37.6,8.3,23.1,33.3,40,32.4,13.6
Bengaluru,Karnataka,2021,3,115,51.8,84.3,38.6,7.6,32.3,20.4,88,0.0,13.6
Bengaluru,Karnataka,2021,4,81,33.0,66.6,29.5,8.9,38.2,22.9,67,0.0,13.6
Bengaluru,Karnataka,2021,5,91,41.1,61.8,42.5,11.6,26.4,29.2,45,0.0,13.6
Bengaluru,Karnataka,2021,6,72,44.3,57.6,36.7,8.0,22.6,28.8,78,201.9,13.6
Bengaluru,Karnataka,2021,7,57,27.8,38.4,37.5,12.2,28.8,25.9,55,249.8,13.6
Bengaluru,Karnataka,2021,8,62,22.7,59.7,46.6,6.8,20.3,30.0,54,251.6,13.6
Bengaluru,Karnataka,2021,9,55,31.9,29.1,42.1,8.0,25.4,25.8,75,29.2,13.6
Bengaluru,Karnataka,2021,10,93,57.7,54.1,49.4,8.2,22.7,23.0,62,61.9,13.6
Bengaluru,Karnataka,2021,11,123,67.4,77.7,41.1,5.5,26.6,29.7,58,0.0,13.6
Bengaluru,Karnataka,2021,12,127,60.6,99.3,48.8,5.9,27.8,23.6,38,37.8,13.6
Bengaluru,Karnataka,2022,1,117,52.0,91.2,37.9,6.6,25.4,16.7,48,52.2,13.6
Bengaluru,Karnataka,2022,2,67,35.5,54.9,28.0,6.6,35.2,24.1,58,43.5,13.6
Bengaluru,Karnataka,2022,3,96,41.2,66.0,48.3,11.5,31.8,27.3,52,0.0,13.6
Bengaluru,Karnataka,2022,4,92,44.7,83.0,43.5,5.0,32.5,24.0,59,35.0,13.6
Bengaluru,Karnataka,2022,5,114,76.2,91.6,39.6,9.1,29.9,26.0,91,34.2,13.6
Bengaluru,Karnataka,2022,6,72,37.7,58.2,43.6,6.8,26.0,23.7,71,251.2,13.6
Bengaluru,Karnataka,2022,7,71,45.3,53.2,42.6,5.8,27.0,29.1,77,208.2,13.6
Bengaluru,Karnataka,2022,8,63,16.2,43.7,43.5,9.2,32.1,27.1,65,193.6,13.6
Bengaluru,Karnataka,2022,9,95,46.1,76.2,36.6,3.7,32.5,25.6,52,52.7,13.6
Bengaluru,Karnataka,2022,10,79,44.0,65.4,43.1,5.3,34.3,27.8,59,30.7,13.6
Bengaluru,Karnataka,2022,11,98,47.4,63.2,31.8,5.0,32.3,25.1,88,3.6,13.6
Bengaluru,Karnataka,2022,12,99,35.6,86.6,39.0,6.9,27.5,21.5,81,82.9,13.6
Bengaluru,Karnataka,2023,1,119,42.9,85.1,42.5,6.1,20.3,21.0,64,26.3,13.6
Bengaluru,Karnataka,2023,2,73,31.0,45.5,44.0,10.1,19.5,24.2,42,0.0,13.6
Bengaluru,Karnataka,2023,3,83,25.8,53.0,33.1,8.4,28.3,24.8,67,3.1,13.6
Bengaluru,Karnataka,2023,4,80,49.4,73.4,31.2,9.7,32.3,23.6,77,86.5,13.6
Bengaluru,Karnataka,2023,5,68,23.3,61.2,40.0,9.1,30.9,28.2,45,66.9,13.6
Bengaluru,Karnataka,2023,6,82,35.1,61.1,29.9,9.0,30.9,26.8,81,206.6,13.6
Bengaluru,Karnataka,2023,7,73,24.7,54.5,37.6,8.5,26.9,26.6,77,202.5,13.6
Bengaluru,Karnataka,2023,8,40,32.0,43.8,29.2,9.4,28.9,27.8,69,210.6,13.6
Bengaluru,Karnataka,2023,9,73,27.3,45.6,33.7,7.9,25.2,29.0,87,1.8,13.6
Bengaluru,Karnataka,2023,10,88,43.6,70.7,39.9,9.5,30.0,23.3,78,60.5,13.6
Bengaluru,Karnataka,2023,11,113,51.2,91.6,39.4,10.1,37.4,24.6,44,37.2,13.6
Bengaluru,Karnataka,2023,12,135,58.9,115.8,33.7,9.4,20.8,25.2,94,0.0,13.6
Bengaluru,Karnataka,2024,1,116,59.1,83.1,40.5,8.1,15.7,20.0,54,5.3,13.6
Bengaluru,Karnataka,2024,2,106,37.6,87.6,38.6,7.4,30.1,28.0,73,63.7,13.6
Bengaluru,Karnataka,2024,3,80,31.1,49.1,34.0,13.9,34.4,22.9,45,44.3,13.6
Bengaluru,Karnataka,2024,4,93,46.2,67.2,38.9,8.7,27.6,20.3,61,0.0,13.6
Bengaluru,Karnataka,2024,5,87,63.0,68.9,37.5,9.8,30.1,28.3,74,107.3,13.6
Bengaluru,Karnataka,2024,6,48,25.4,26.7,40.7,6.2,28.7,26.1,79,256.7,13.6
Bengaluru,Karnataka,2024,7,46,21.1,27.4,29.7,7.6,29.4,34.3,71,164.9,13.6
Bengaluru,Karnataka,2024,8,56,33.4,62.9,28.3,4.2,39.5,28.2,51,241.4,13.6
Bengaluru,Karnataka,2024,9,45,20.3,37.0,42.8,6.0,31.4,24.2,68,0.0,13.6
Bengaluru,Karnataka,2024,10,78,27.1,65.0,44.1,7.5,28.6,22.7,60,23.0,13.6
Bengaluru,Karnataka,2024,11,164,64.9,137.6,49.2,8.6,30.3,28.1,70,22.9,13.6
Bengaluru,Karnataka,2024,12,143,73.1,101.0,34.2,7.6,19.2,19.8,83,6.7,13.6
Chennai,Tamil Nadu,2019,1,129,58.5,105.2,28.0,6.8,25.3,23.6,57,0.0,11.2
Chennai,Tamil Nadu,2019,2,99,39.5,62.4,36.2,7.6,23.7,20.4,78,76.0,11.2
Chennai,Tamil Nadu,2019,3,99,35.4,72.2,39.9,9.2,30.0,24.8,66,43.3,11.2
Chennai,Tamil Nadu,2019,4,111,55.6,91.1,41.1,10.8,27.8,24.4,86,52.9,11.2
Chennai,Tamil Nadu,2019,5,83,33.5,65.2,41.9,8.4,29.5,32.1,81,32.6,11.2
Chennai,Tamil Nadu,2019,6,84,29.5,67.0,50.1,7.6,23.6,25.0,48,188.6,11.2
Chennai,Tamil Nadu,2019,7,64,17.6,48.2,43.6,6.2,37.1,28.5,80,193.7,11.2
Chennai,Tamil Nadu,2019,8,82,28.2,70.4,40.1,9.1,22.2,24.3,73,182.1,11.2
Chennai,Tamil Nadu,2019,9,96,32.3,80.5,32.4,9.1,30.0,24.9,73,35.4,11.2
Chennai,Tamil Nadu,2019,10,81,28.4,41.1,41.1,4.9,28.6,26.2,75,12.9,11.2
Chennai,Tamil Nadu,2019,11,125,62.1,97.1,43.1,8.9,16.9,29.3,74,0.0,11.2
Chennai,Tamil Nadu,2019,12,126,56.4,93.2,43.3,10.9,29.9,16.1,74,78.2,11.2
Chennai,Tamil Nadu,2020,1,135,69.5,121.4,47.9,8.5,29.0,20.4,65,10.9,11.2
Chennai,Tamil Nadu,2020,2,113,44.3,100.1,43.6,5.2,27.4,20.7,74,60.4,11.2
Chennai,Tamil Nadu,2020,3,81,37.4,80.3,36.0,5.9,35.5,32.9,65,65.5,11.2
Chennai,Tamil Nadu,2020,4,110,43.6,77.6,47.9,11.4,28.6,24.4,94,3.8,11.2
Chennai,Tamil Nadu,2020,5,84,40.5,78.5,44.3,8.8,30.2,27.1,73,0.0,11.2
Chennai,Tamil Nadu,2020,6,65,31.2,37.2,40.6,7.6,38.2,31.7,58,214.0,11.2
Chennai,Tamil Nadu,2020,7,68,27.0,53.0,33.9,5.7,32.3,28.9,52,255.8,11.2
Chennai,Tamil Nadu,2020,8,60,29.0,53.2,37.8,8.9,27.2,26.4,61,190.1,11.2
Chennai,Tamil Nadu,2020,9,87,26.8,60.3,37.6,7.5,26.4,26.8,72,60.0,11.2
Chennai,Tamil Nadu,2020,10,80,26.4,49.6,36.1,7.3,24.4,23.1,58,32.3,11.2
Chennai,Tamil Nadu,2020,11,138,57.6,99.4,36.3,7.9,19.3,28.7,38,10.6,11.2
Chennai,Tamil Nadu,2020,12,134,61.8,127.4,43.8,6.0,23.4,14.7,63,0.0,11.2
Chennai,Tamil Nadu,2021,1,143,60.0,106.1,38.3,11.5,21.6,25.5,77,44.3,11.2
Chennai,Tamil Nadu,2021,2,95,45.9,52.0,38.1,9.7,26.8,22.8,64,93.2,11.2
Chennai,Tamil Nadu,2021,3,108,48.1,90.5,38.2,4.6,21.3,31.7,60,15.3,11.2
Chennai,Tamil Nadu,2021,4,85,53.5,80.0,52.6,7.7,29.3,22.5,87,0.0,11.2
Chennai,Tamil Nadu,2021,5,93,33.1,63.9,34.6,6.8,24.5,25.4,77,0.0,11.2
Chennai,Tamil Nadu,2021,6,73,42.6,49.6,34.3,7.5,34.7,27.6,57,239.4,11.2
Chennai,Tamil Nadu,2021,7,53,29.3,43.8,35.8,6.3,25.9,28.6,83,194.5,11.2
Chennai,Tamil Nadu,2021,8,76,17.5,51.2,38.6,6.2,23.8,25.0,69,212.5,11.2
Chennai,Tamil Nadu,2021,9,56,8.2,35.9,40.5,2.5,27.6,25.4,85,9.6,11.2
Chennai,Tamil Nadu,2021,10,95,43.9,49.9,44.4,8.4,29.5,38.8,33,94.0,11.2
Chennai,Tamil Nadu,2021,11,125,58.5,93.3,38.7,6.9,26.2,22.4,76,8.4,11.2
Chennai,Tamil Nadu,2021,12,113,47.2,97.3,37.4,8.7,21.9,22.3,75,98.9,11.2
Chennai,Tamil Nadu,2022,1,127,62.5,96.2,49.1,6.6,28.2,19.4,64,28.7,11.2
Chennai,Tamil Nadu,2022,2,93,40.9,71.9,49.1,10.0,31.5,25.6,51,63.2,11.2
Chennai,Tamil Nadu,2022,3,103,58.1,71.2,38.8,4.7,24.4,30.0,58,50.6,11.2
Chennai,Tamil Nadu,2022,4,87,41.7,53.8,39.9,2.0,26.7,22.1,83,56.1,11.2
Chennai,Tamil Nadu,2022,5,97,55.8,63.3,50.3,9.9,25.7,30.4,48,0.0,11.2
Chennai,Tamil Nadu,2022,6,60,22.8,34.4,45.3,7.5,31.6,25.3,37,230.8,11.2
Chennai,Tamil Nadu,2022,7,41,17.9,17.1,49.0,9.8,31.8,30.8,52,241.7,11.2
Chennai,Tamil Nadu,2022,8,72,34.5,66.7,43.0,8.6,20.6,24.1,63,223.7,11.2
Chennai,Tamil Nadu,2022,9,73,52.1,69.9,42.3,8.1,27.7,24.1,66,35.3,11.2
Chennai,Tamil Nadu,2022,10,71,34.6,51.7,27.1,6.3,26.9,32.7,73,0.0,11.2
Chennai,Tamil Nadu,2022,11,137,49.3,113.6,39.0,7.8,30.3,23.1,44,1.7,11.2
Chennai,Tamil Nadu,2022,12,145,53.1,80.4,39.5,9.1,29.0,18.6,58,71.2,11.2
Chennai,Tamil Nadu,2023,1,101,42.3,77.7,42.7,7.0,26.7,12.5,55,43.1,11.2
Chennai,Tamil Nadu,2023,2,75,34.2,60.7,36.7,8.3,23.8,26.4,74,31.3,11.2
Chennai,Tamil Nadu,2023,3,81,38.2,67.9,26.8,10.3,26.4,28.3,82,0.0,11.2
Chennai,Tamil Nadu,2023,4,79,33.2,51.4,49.4,6.3,25.5,27.6,46,9.2,11.2
Chennai,Tamil Nadu,2023,5,94,39.6,69.6,36.5,5.0,28.7,32.3,65,34.0,11.2
Chennai,Tamil Nadu,2023,6,80,25.8,77.0,40.2,11.3,24.5,32.5,76,242.1,11.2
Chennai,Tamil Nadu,2023,7,73,30.9,66.8,39.5,4.1,23.2,26.4,69,217.7,11.2
Chennai,Tamil Nadu,2023,8,88,24.0,67.4,28.5,9.5,27.1,28.3,52,271.2,11.2
Chennai,Tamil Nadu,2023,9,105,51.9,77.5,43.7,6.6,30.5,31.9,81,0.0,11.2
Chennai,Tamil Nadu,2023,10,95,32.4,77.0,42.5,4.3,21.2,26.2,60,0.0,11.2
Chennai,Tamil Nadu,2023,11,135,62.8,99.3,37.2,10.1,32.1,25.5,55,44.6,11.2
Chennai,Tamil Nadu,2023,12,124,54.7,100.4,29.7,10.6,25.0,18.8,63,23.5,11.2
Chennai,Tamil Nadu,2024,1,104,58.8,78.4,42.9,9.9,21.2,21.4,60,58.9,11.2
Chennai,Tamil Nadu,2024,2,58,25.3,37.5,40.5,8.9,26.4,24.9,63,0.0,11.2
Chennai,Tamil Nadu,2024,3,102,42.9,47.4,37.9,5.9,18.3,23.3,66,78.1,11.2
Chennai,Tamil Nadu,2024,4,94,37.4,75.1,36.9,6.6,21.3,21.7,59,31.3,11.2
Chennai,Tamil Nadu,2024,5,88,36.3,56.5,43.0,5.4,31.4,24.0,53,0.0,11.2
Chennai,Tamil Nadu,2024,6,62,35.7,51.7,44.0,9.0,24.1,26.0,53,273.2,11.2
Chennai,Tamil Nadu,2024,7,52,30.5,47.9,48.6,7.2,34.0,33.8,55,158.6,11.2
Chennai,Tamil Nadu,2024,8,41,24.2,11.9,34.8,8.9,32.2,28.3,68,271.2,11.2
Chennai,Tamil Nadu,2024,9,75,28.3,48.5,43.7,9.8,30.9,30.6,47,91.7,11.2
Chennai,Tamil Nadu,2024,10,112,56.3,101.8,30.7,7.0,22.0,29.2,49,55.3,11.2
Chennai,Tamil Nadu,2024,11,150,73.1,115.3,36.6,6.3,28.8,29.3,64,8.3,11.2
Chennai,Tamil Nadu,2024,12,99,36.0,93.4,32.3,8.4,31.7,16.2,67,62.5,11.2
Kolkata,West Bengal,2019,1,200,112.9,133.3,51.4,7.7,22.5,21.3,54,34.2,14.9
Kolkata,West Bengal,2019,2,132,64.2,102.0,45.4,10.1,25.9,27.4,51,0.0,14.9
Kolkata,West Bengal,2019,3,177,91.1,130.4,44.1,6.2,26.3,29.0,94,0.0,14.9
Kolkata,West Bengal,2019,4,154,71.2,122.0,41.4,6.3,26.7,29.2,51,79.2,14.9
Kolkata,West Bengal,2019,5,177,80.7,133.5,47.2,6.3,20.6,20.5,78,0.0,14.9
Kolkata,West Bengal,2019,6,162,70.3,119.4,39.3,7.4,28.7,19.5,84,233.5,14.9
Kolkata,West Bengal,2019,7,121,45.8,107.5,35.4,5.7,30.6,28.0,50,228.7,14.9
Kolkata,West Bengal,2019,8,124,64.6,103.6,44.4,8.7,33.5,27.0,47,238.0,14.9
Kolkata,West Bengal,2019,9,191,77.8,139.6,47.0,7.9,14.4,30.4,95,32.8,14.9
Kolkata,West Bengal,2019,10,146,53.3,112.1,48.9,9.0,22.9,25.2,48,58.4,14.9
Kolkata,West Bengal,2019,11,213,83.5,175.6,49.1,10.8,10.8,22.9,62,45.1,14.9
Kolkata,West Bengal,2019,12,226,107.3,167.1,40.1,10.5,11.7,24.9,60,88.6,14.9
Kolkata,West Bengal,2020,1,210,93.4,152.3,43.5,8.9,18.2,18.2,62,28.1,14.9
Kolkata,West Bengal,2020,2,128,61.3,86.2,34.5,4.6,15.4,22.9,54,103.1,14.9
Kolkata,West Bengal,2020,3,152,69.8,118.0,43.4,7.8,16.5,31.4,92,0.0,14.9
Kolkata,West Bengal,2020,4,144,62.6,98.4,45.2,6.5,33.9,30.6,68,66.1,14.9
Kolkata,West Bengal,2020,5,176,74.7,123.8,44.3,9.7,21.2,22.3,52,22.0,14.9
Kolkata,West Bengal,2020,6,138,77.9,89.6,44.9,11.0,34.9,25.8,72,242.8,14.9
Kolkata,West Bengal,2020,7,142,63.1,110.9,26.9,9.4,23.9,26.3,95,193.0,14.9
Kolkata,West Bengal,2020,8,133,75.8,91.4,38.3,7.7,28.2,27.6,45,198.7,14.9
Kolkata,West Bengal,2020,9,150,66.9,116.8,45.0,4.4,27.9,27.8,85,42.8,14.9
Kolkata,West Bengal,2020,10,176,82.9,145.5,46.9,7.8,31.9,29.7,73,0.0,14.9
Kolkata,West Bengal,2020,11,180,83.3,136.5,40.3,8.3,28.1,29.1,47,20.5,14.9
Kolkata,West Bengal,2020,12,187,81.0,136.1,41.5,5.5,19.0,18.3,30,107.1,14.9
Kolkata,West Bengal,2021,1,216,94.2,162.2,38.8,11.4,26.8,20.5,80,32.0,14.9
Kolkata,West Bengal,2021,2,139,59.3,105.6,39.2,7.6,23.0,26.8,65,0.0,14.9
Kolkata,West Bengal,2021,3,149,56.8,121.5,29.8,10.3,29.6,26.1,30,10.5,14.9
Kolkata,West Bengal,2021,4,159,63.5,114.1,52.1,9.3,17.3,22.2,60,16.5,14.9
Kolkata,West Bengal,2021,5,167,70.9,130.4,55.0,9.6,21.0,26.5,59,72.2,14.9
Kolkata,West Bengal,2021,6,130,58.9,98.0,38.5,5.3,25.8,26.8,72,198.7,14.9
Kolkata,West Bengal,2021,7,158,64.1,135.6,32.4,8.9,24.3,24.6,71,271.2,14.9
Kolkata,West Bengal,2021,8,106,51.7,54.6,34.5,11.3,23.2,23.5,62,302.7,14.9
Kolkata,West Bengal,2021,9,132,51.0,114.0,52.7,7.8,17.8,33.3,88,52.2,14.9
Kolkata,West Bengal,2021,10,147,65.8,108.6,44.3,10.9,27.2,23.8,85,37.5,14.9
Kolkata,West Bengal,2021,11,210,106.2,146.4,45.3,6.9,10.0,28.0,95,0.0,14.9
Kolkata,West Bengal,2021,12,199,94.7,150.5,44.3,5.4,19.8,17.7,32,72.8,14.9
Kolkata,West Bengal,2022,1,214,96.7,162.8,52.1,8.4,22.0,19.1,84,37.8,14.9
Kolkata,West Bengal,2022,2,162,62.7,124.4,38.1,6.7,17.6,23.8,95,78.3,14.9
Kolkata,West Bengal,2022,3,188,74.8,141.7,36.6,6.6,15.0,30.7,59,67.7,14.9
Kolkata,West Bengal,2022,4,169,94.5,112.0,51.0,10.3,16.2,30.0,70,15.9,14.9
Kolkata,West Bengal,2022,5,147,60.4,130.7,42.4,9.6,18.9,24.7,81,0.0,14.9
Kolkata,West Bengal,2022,6,133,60.1,100.9,40.6,8.8,27.4,29.2,50,208.6,14.9
Kolkata,West Bengal,2022,7,157,77.8,104.0,45.0,4.0,22.3,32.7,50,186.6,14.9
Kolkata,West Bengal,2022,8,151,55.6,106.9,46.1,6.7,21.3,29.2,71,230.7,14.9
Kolkata,West Bengal,2022,9,154,72.3,114.3,45.4,7.0,21.4,24.0,64,0.0,14.9
Kolkata,West Bengal,2022,10,143,66.4,109.4,46.8,7.1,25.2,28.7,71,0.0,14.9
Kolkata,West Bengal,2022,11,202,93.8,151.6,32.6,8.3,29.5,25.9,54,39.9,14.9
Kolkata,West Bengal,2022,12,204,101.3,140.4,49.6,9.2,17.6,21.0,80,59.9,14.9
Kolkata,West Bengal,2023,1,182,88.5,135.9,44.5,8.1,19.3,23.6,63,0.0,14.9
Kolkata,West Bengal,2023,2,154,70.7,127.8,46.3,6.3,34.7,27.8,84,18.9,14.9
Kolkata,West Bengal,2023,3,168,82.3,138.2,49.7,9.7,19.6,25.3,69,62.3,14.9
Kolkata,West Bengal,2023,4,156,78.7,131.5,37.3,6.3,21.4,27.9,57,79.1,14.9
Kolkata,West Bengal,2023,5,166,75.0,110.1,35.4,8.6,10.7,30.0,62,154.7,14.9
Kolkata,West Bengal,2023,6,174,76.8,129.4,49.7,11.4,12.5,21.6,55,243.3,14.9
Kolkata,West Bengal,2023,7,147,74.7,98.3,28.5,9.7,18.7,20.9,67,251.7,14.9
Kolkata,West Bengal,2023,8,138,58.4,101.9,39.7,5.3,20.0,28.6,69,226.7,14.9
Kolkata,West Bengal,2023,9,145,63.8,87.0,43.3,10.9,15.6,25.2,69,75.1,14.9
Kolkata,West Bengal,2023,10,153,63.3,95.1,43.3,12.1,23.7,26.9,69,24.6,14.9
Kolkata,West Bengal,2023,11,187,90.7,142.5,44.5,6.0,26.2,29.0,56,65.1,14.9
Kolkata,West Bengal,2023,12,192,80.1,136.4,34.0,8.9,10.1,16.3,33,21.6,14.9
Kolkata,West Bengal,2024,1,197,86.0,137.3,37.8,8.9,16.1,20.9,51,32.2,14.9
Kolkata,West Bengal,2024,2,179,85.2,130.1,45.5,7.5,20.3,26.0,62,33.5,14.9
Kolkata,West Bengal,2024,3,145,57.1,94.9,32.6,5.6,23.8,24.3,72,26.4,14.9
Kolkata,West Bengal,2024,4,130,63.7,105.6,35.5,8.8,19.9,27.3,46,0.0,14.9
Kolkata,West Bengal,2024,5,154,68.3,111.5,35.6,7.2,23.6,26.9,67,0.0,14.9
Kolkata,West Bengal,2024,6,157,61.2,122.6,49.9,9.0,21.0,25.4,80,163.1,14.9
Kolkata,West Bengal,2024,7,125,53.1,106.1,43.5,6.1,23.0,25.2,54,259.2,14.9
Kolkata,West Bengal,2024,8,119,66.4,97.5,47.5,7.1,24.3,22.7,57,239.7,14.9
Kolkata,West Bengal,2024,9,179,71.7,130.6,43.0,5.2,23.2,24.8,62,6.9,14.9
Kolkata,West Bengal,2024,10,148,66.5,108.8,40.2,6.5,24.4,32.0,67,64.8,14.9
Kolkata,West Bengal,2024,11,179,81.8,123.3,35.1,6.5,26.2,29.9,68,0.0,14.9
Kolkata,West Bengal,2024,12,197,91.1,149.5,33.8,6.2,18.5,21.6,32,18.5,14.9
Hyderabad,Telangana,2019,1,152,75.2,120.9,46.1,6.4,12.9,18.8,80,80.7,10.5
Hyderabad,Telangana,2019,2,120,57.4,93.8,37.7,7.7,33.3,24.2,89,12.1,10.5
Hyderabad,Telangana,2019,3,129,46.8,102.6,37.0,5.2,25.4,30.0,52,0.0,10.5
Hyderabad,Telangana,2019,4,108,47.9,86.5,46.1,7.9,35.2,27.7,59,0.0,10.5
Hyderabad,Telangana,2019,5,106,45.0,89.1,43.1,5.6,27.0,29.0,87,60.5,10.5
Hyderabad,Telangana,2019,6,101,45.9,79.6,47.5,5.3,24.8,24.7,70,269.2,10.5
Hyderabad,Telangana,2019,7,81,17.3,56.6,44.5,9.1,30.3,26.2,45,240.6,10.5
Hyderabad,Telangana,2019,8,77,52.1,63.5,35.4,6.8,28.0,26.3,81,227.5,10.5
Hyderabad,Telangana,2019,9,99,59.7,74.7,44.6,6.8,28.5,27.9,36,105.6,10.5
Hyderabad,Telangana,2019,10,129,54.9,85.7,43.5,8.2,26.1,27.6,72,82.9,10.5
Hyderabad,Telangana,2019,11,158,62.7,132.1,52.7,14.3,16.3,27.7,33,47.1,10.5
Hyderabad,Telangana,2019,12,141,78.8,98.0,31.9,7.1,13.4,22.3,34,26.1,10.5
Hyderabad,Telangana,2020,1,118,50.5,104.9,43.1,6.3,25.0,20.1,72,0.0,10.5
Hyderabad,Telangana,2020,2,118,31.5,82.2,38.0,9.3,25.3,22.8,50,32.9,10.5
Hyderabad,Telangana,2020,3,108,44.0,76.2,44.6,7.0,25.5,33.5,43,0.0,10.5
Hyderabad,Telangana,2020,4,121,49.0,87.6,36.4,7.5,32.9,29.4,77,0.0,10.5
Hyderabad,Telangana,2020,5,92,18.7,60.9,45.3,9.0,26.1,26.9,54,33.2,10.5
Hyderabad,Telangana,2020,6,101,32.5,78.7,45.6,7.2,30.0,35.4,63,235.7,10.5
Hyderabad,Telangana,2020,7,78,36.6,63.1,40.1,6.0,29.4,31.4,71,258.5,10.5
Hyderabad,Telangana,2020,8,86,44.7,67.3,33.6,8.6,22.8,25.1,67,231.9,10.5
Hyderabad,Telangana,2020,9,92,49.8,74.7,35.4,4.9,26.5,25.7,66,10.5,10.5
Hyderabad,Telangana,2020,10,79,32.4,56.2,42.8,6.6,36.7,21.3,84,16.0,10.5
Hyderabad,Telangana,2020,11,162,73.5,132.9,40.8,5.8,28.7,26.7,68,74.4,10.5
Hyderabad,Telangana,2020,12,134,65.1,94.6,40.9,8.1,16.4,17.7,85,60.4,10.5
Hyderabad,Telangana,2021,1,149,69.0,108.8,50.6,7.6,23.8,23.4,53,87.4,10.5
Hyderabad,Telangana,2021,2,87,52.2,61.5,37.9,4.2,25.4,23.9,55,19.5,10.5
Hyderabad,Telangana,2021,3,124,57.5,96.1,34.6,6.2,33.7,24.8,89,15.3,10.5
Hyderabad,Telangana,2021,4,110,58.1,95.2,39.8,7.2,25.5,28.0,78,25.2,10.5
Hyderabad,Telangana,2021,5,119,66.7,93.1,42.8,5.0,11.9,28.2,63,4.4,10.5
Hyderabad,Telangana,2021,6,93,41.4,81.0,40.2,6.5,32.1,26.3,72,200.9,10.5
Hyderabad,Telangana,2021,7,80,36.7,60.1,41.9,7.5,19.0,25.7,76,208.1,10.5
Hyderabad,Telangana,2021,8,86,46.6,57.4,30.0,7.7,25.3,24.1,62,239.7,10.5
Hyderabad,Telangana,2021,9,109,51.5,99.9,38.4,8.6,23.3,24.5,56,5.8,10.5
Hyderabad,Telangana,2021,10,115,70.5,79.1,38.3,7.9,27.4,27.8,84,0.0,10.5
Hyderabad,Telangana,2021,11,114,47.3,96.5,31.3,2.0,28.3,27.7,48,0.0,10.5
Hyderabad,Telangana,2021,12,135,61.6,95.0,44.7,2.3,19.5,16.6,61,3.5,10.5
Hyderabad,Telangana,2022,1,161,57.6,121.2,46.4,11.7,19.3,21.0,37,0.0,10.5
Hyderabad,Telangana,2022,2,122,54.9,103.3,32.9,9.0,34.2,28.3,69,25.3,10.5
Hyderabad,Telangana,2022,3,86,49.5,58.4,42.3,4.9,21.8,31.3,59,83.1,10.5
Hyderabad,Telangana,2022,4,108,33.9,89.9,36.9,9.4,26.1,22.4,67,112.8,10.5
Hyderabad,Telangana,2022,5,117,52.2,98.5,42.1,8.4,19.8,27.7,80,0.0,10.5
Hyderabad,Telangana,2022,6,111,49.2,74.4,46.5,7.4,29.5,26.1,64,239.7,10.5
Hyderabad,Telangana,2022,7,94,26.3,59.3,45.3,7.7,24.5,22.9,48,139.1,10.5
Hyderabad,Telangana,2022,8,88,34.8,56.3,39.0,8.7,38.0,22.5,82,258.9,10.5
Hyderabad,Telangana,2022,9,98,45.7,68.9,41.0,11.0,29.8,28.5,58,0.0,10.5
Hyderabad,Telangana,2022,10,106,57.4,64.2,34.0,8.3,21.2,24.6,58,0.0,10.5
Hyderabad,Telangana,2022,11,135,66.4,88.2,32.2,6.7,27.5,26.4,58,26.8,10.5
Hyderabad,Telangana,2022,12,123,59.3,96.1,38.7,10.0,19.1,23.4,67,11.5,10.5
Hyderabad,Telangana,2023,1,149,66.2,124.0,36.0,6.5,27.9,18.2,78,93.0,10.5
Hyderabad,Telangana,2023,2,103,51.8,65.7,44.7,8.4,28.7,25.1,40,45.1,10.5
Hyderabad,Telangana,2023,3,79,33.0,68.7,40.1,11.9,33.4,25.0,65,23.1,10.5
Hyderabad,Telangana,2023,4,86,31.2,58.9,27.1,8.1,26.5,22.0,71,53.6,10.5
Hyderabad,Telangana,2023,5,113,48.3,90.7,44.7,8.6,21.4,27.8,82,1.1,10.5
Hyderabad,Telangana,2023,6,121,50.2,91.1,37.0,8.4,16.2,25.4,48,225.4,10.5
Hyderabad,Telangana,2023,7,104,52.0,54.3,52.5,8.6,22.4,27.5,67,193.3,10.5
Hyderabad,Telangana,2023,8,92,36.5,65.0,35.5,5.1,28.0,28.8,72,252.8,10.5
Hyderabad,Telangana,2023,9,114,47.0,93.9,32.6,6.2,20.7,30.2,79,44.5,10.5
Hyderabad,Telangana,2023,10,126,49.7,98.0,40.5,9.7,23.9,25.8,73,60.0,10.5
Hyderabad,Telangana,2023,11,139,62.1,93.7,27.0,8.4,26.5,27.8,35,11.0,10.5
Hyderabad,Telangana,2023,12,116,63.2,76.1,48.3,9.9,20.8,16.6,70,0.0,10.5
Hyderabad,Telangana,2024,1,151,64.1,95.4,29.2,8.5,19.7,18.3,75,71.9,10.5
Hyderabad,Telangana,2024,2,105,44.5,83.8,32.1,8.4,29.0,29.0,35,0.0,10.5
Hyderabad,Telangana,2024,3,96,44.0,76.8,48.8,7.0,24.4,30.4,69,75.7,10.5
Hyderabad,Telangana,2024,4,114,42.0,72.2,31.4,9.3,31.4,32.5,77,71.5,10.5
Hyderabad,Telangana,2024,5,101,36.2,84.3,42.6,8.2,28.5,28.0,84,76.8,10.5
Hyderabad,Telangana,2024,6,98,50.9,78.6,37.1,9.5,19.8,30.2,47,231.4,10.5
Hyderabad,Telangana,2024,7,77,39.1,57.4,29.3,8.8,25.6,29.6,65,235.8,10.5
Hyderabad,Telangana,2024,8,75,29.0,51.7,43.9,11.4,24.6,30.2,32,172.2,10.5
Hyderabad,Telangana,2024,9,95,31.9,55.4,42.2,7.6,28.9,29.1,68,51.3,10.5
Hyderabad,Telangana,2024,10,108,39.1,91.6,36.9,6.1,25.1,24.3,58,38.8,10.5
Hyderabad,Telangana,2024,11,155,62.6,111.4,49.2,9.0,32.6,30.5,82,0.0,10.5
Hyderabad,Telangana,2024,12,161,72.0,115.2,44.1,9.9,24.2,17.4,76,0.0,10.5
Ahmedabad,Gujarat,2019,1,183,79.9,135.1,48.7,5.9,29.7,14.5,56,39.8,8.6
Ahmedabad,Gujarat,2019,2,148,65.8,110.4,44.9,7.5,29.7,29.5,78,0.0,8.6
Ahmedabad,Gujarat,2019,3,138,59.7,93.4,44.1,6.9,26.8,23.8,90,0.0,8.6
Ahmedabad,Gujarat,2019,4,143,70.7,101.5,47.3,5.5,30.4,27.0,56,13.0,8.6
Ahmedabad,Gujarat,2019,5,152,63.7,106.5,41.3,5.6,31.5,25.3,77,33.4,8.6
Ahmedabad,Gujarat,2019,6,105,47.2,86.6,39.1,10.4,31.3,29.8,58,176.8,8.6
Ahmedabad,Gujarat,2019,7,110,51.1,88.0,27.5,8.0,26.6,26.2,84,236.9,8.6
Ahmedabad,Gujarat,2019,8,139,60.8,113.6,51.8,10.6,18.0,26.2,59,239.6,8.6
Ahmedabad,Gujarat,2019,9,150,60.8,113.2,30.4,10.9,20.0,27.2,60,70.8,8.6
Ahmedabad,Gujarat,2019,10,97,43.5,71.7,37.1,11.5,22.4,29.3,70,75.5,8.6
Ahmedabad,Gujarat,2019,11,169,70.2,137.7,46.0,4.9,18.4,28.2,77,0.0,8.6
Ahmedabad,Gujarat,2019,12,136,65.4,89.8,29.7,2.3,27.8,20.4,61,80.6,8.6
Ahmedabad,Gujarat,2020,1,189,98.0,127.8,44.2,4.8,18.3,19.3,74,26.8,8.6
Ahmedabad,Gujarat,2020,2,149,72.7,133.3,40.6,6.1,23.9,24.6,87,13.7,8.6
Ahmedabad,Gujarat,2020,3,131,55.2,105.4,40.6,6.7,32.4,24.4,65,51.1,8.6
Ahmedabad,Gujarat,2020,4,115,55.6,75.7,45.7,6.1,28.9,30.3,77,35.1,8.6
Ahmedabad,Gujarat,2020,5,136,56.6,116.7,37.6,5.9,27.0,24.6,50,0.0,8.6
Ahmedabad,Gujarat,2020,6,112,49.7,86.4,46.3,9.1,24.7,26.4,72,270.9,8.6
Ahmedabad,Gujarat,2020,7,121,50.7,80.8,32.4,9.3,27.8,28.7,63,276.3,8.6
Ahmedabad,Gujarat,2020,8,112,58.0,83.6,36.9,9.2,27.7,28.1,66,218.5,8.6
Ahmedabad,Gujarat,2020,9,175,88.2,138.5,44.4,10.0,23.2,27.1,60,21.8,8.6
Ahmedabad,Gujarat,2020,10,92,43.1,64.1,49.2,8.0,21.3,26.9,49,43.9,8.6
Ahmedabad,Gujarat,2020,11,184,90.5,130.1,44.4,5.3,23.4,28.6,72,25.1,8.6
Ahmedabad,Gujarat,2020,12,186,96.5,136.6,45.1,5.8,15.4,20.3,81,14.7,8.6
Ahmedabad,Gujarat,2021,1,176,75.9,126.7,45.6,5.0,26.9,18.0,75,0.0,8.6
Ahmedabad,Gujarat,2021,2,150,72.9,116.3,36.5,8.5,16.7,26.2,80,56.9,8.6
Ahmedabad,Gujarat,2021,3,140,55.2,111.5,42.1,3.4,27.3,26.9,83,0.0,8.6
Ahmedabad,Gujarat,2021,4,92,43.6,71.9,29.5,6.0,41.0,26.1,75,0.0,8.6
Ahmedabad,Gujarat,2021,5,108,47.2,78.3,38.0,7.8,27.3,26.5,46,44.4,8.6
Ahmedabad,Gujarat,2021,6,90,24.1,74.9,42.5,7.9,20.4,24.9,61,156.2,8.6
Ahmedabad,Gujarat,2021,7,108,53.8,95.3,37.9,9.5,16.4,29.0,52,232.3,8.6
Ahmedabad,Gujarat,2021,8,116,62.8,78.3,44.6,7.4,24.5,26.4,52,219.4,8.6
Ahmedabad,Gujarat,2021,9,139,64.5,105.1,46.7,9.8,18.2,29.6,47,48.5,8.6
Ahmedabad,Gujarat,2021,10,149,51.8,112.7,39.6,6.5,29.4,25.0,52,28.0,8.6
Ahmedabad,Gujarat,2021,11,190,84.4,154.2,47.7,3.6,16.8,25.3,72,0.0,8.6
Ahmedabad,Gujarat,2021,12,218,102.3,165.0,53.0,12.7,21.5,22.8,66,19.3,8.6
Ahmedabad,Gujarat,2022,1,172,70.8,122.1,35.5,7.8,12.4,20.6,64,30.9,8.6
Ahmedabad,Gujarat,2022,2,132,84.0,112.6,34.1,8.5,21.0,24.0,44,42.3,8.6
Ahmedabad,Gujarat,2022,3,129,65.8,106.7,49.7,6.3,26.7,28.9,57,0.0,8.6
Ahmedabad,Gujarat,2022,4,164,75.6,129.4,38.3,5.6,18.6,26.6,49,24.6,8.6
Ahmedabad,Gujarat,2022,5,114,42.3,92.2,44.3,7.2,20.4,23.9,59,50.8,8.6
Ahmedabad,Gujarat,2022,6,133,55.9,88.2,43.3,6.4,21.4,31.0,77,226.3,8.6
Ahmedabad,Gujarat,2022,7,100,46.7,85.6,37.7,10.7,33.1,32.0,69,243.5,8.6
Ahmedabad,Gujarat,2022,8,141,67.0,100.7,39.4,8.5,16.9,26.6,81,132.3,8.6
Ahmedabad,Gujarat,2022,9,163,82.3,117.7,46.4,8.0,27.7,29.9,43,48.5,8.6
Ahmedabad,Gujarat,2022,10,136,61.9,94.7,52.3,10.1,20.0,23.0,59,42.4,8.6
Ahmedabad,Gujarat,2022,11,183,92.4,145.1,50.0,8.7,13.0,26.4,80,22.9,8.6
Ahmedabad,Gujarat,2022,12,187,81.6,130.0,43.6,8.6,16.4,19.3,50,69.8,8.6
Ahmedabad,Gujarat,2023,1,175,90.4,146.5,43.3,6.0,10.2,15.6,44,80.1,8.6
Ahmedabad,Gujarat,2023,2,141,66.6,83.5,34.9,9.8,24.8,26.6,73,90.4,8.6
Ahmedabad,Gujarat,2023,3,136,61.8,103.9,56.2,3.8,27.1,26.7,73,0.0,8.6
Ahmedabad,Gujarat,2023,4,139,68.2,135.4,46.8,6.3,21.4,25.6,38,11.8,8.6
Ahmedabad,Gujarat,2023,5,150,57.3,123.0,45.4,6.5,21.9,31.8,76,25.4,8.6
Ahmedabad,Gujarat,2023,6,116,52.8,81.9,28.2,12.1,26.1,28.2,64,190.6,8.6
Ahmedabad,Gujarat,2023,7,117,39.9,110.5,33.4,5.9,23.0,30.9,65,170.6,8.6
Ahmedabad,Gujarat,2023,8,138,67.9,108.9,46.2,12.8,34.5,24.9,89,235.3,8.6
Ahmedabad,Gujarat,2023,9,147,52.6,108.5,37.5,9.7,28.2,20.8,64,69.9,8.6
Ahmedabad,Gujarat,2023,10,137,67.5,106.3,43.9,7.5,17.6,23.6,75,25.8,8.6
Ahmedabad,Gujarat,2023,11,177,76.3,129.7,50.1,7.3,13.7,29.2,61,26.3,8.6
Ahmedabad,Gujarat,2023,12,204,91.6,155.9,38.1,7.6,21.3,15.3,68,29.0,8.6
Ahmedabad,Gujarat,2024,1,180,89.3,138.3,52.9,6.0,20.9,20.3,48,63.3,8.6
Ahmedabad,Gujarat,2024,2,174,78.2,135.6,44.2,6.6,11.6,24.9,44,93.2,8.6
Ahmedabad,Gujarat,2024,3,138,59.3,112.4,35.2,6.5,23.9,30.1,72,34.9,8.6
Ahmedabad,Gujarat,2024,4,141,66.7,107.8,35.9,8.1,18.0,27.2,57,126.6,8.6
Ahmedabad,Gujarat,2024,5,139,51.3,102.9,45.1,11.3,20.5,22.3,77,0.0,8.6
Ahmedabad,Gujarat,2024,6,113,48.8,84.1,44.8,6.6,24.2,27.0,67,223.9,8.6
Ahmedabad,Gujarat,2024,7,126,63.5,98.4,44.0,4.8,24.8,28.4,75,192.3,8.6
Ahmedabad,Gujarat,2024,8,110,44.9,87.9,46.7,7.2,30.3,27.4,63,211.5,8.6
Ahmedabad,Gujarat,2024,9,151,70.6,136.0,37.4,9.0,19.9,24.4,64,30.5,8.6
Ahmedabad,Gujarat,2024,10,183,80.9,125.9,45.8,3.9,19.5,27.0,76,63.9,8.6
Ahmedabad,Gujarat,2024,11,172,76.2,121.3,36.8,8.6,14.5,25.8,50,47.0,8.6
Ahmedabad,Gujarat,2024,12,207,82.7,136.7,44.6,8.0,19.1,18.7,61,39.7,8.6
Jaipur,Rajasthan,2019,1,205,76.6,150.1,46.5,6.2,26.9,18.1,64,47.2,4.1
Jaipur,Rajasthan,2019,2,141,48.7,101.5,48.2,7.3,19.1,29.8,60,4.6,4.1
Jaipur,Rajasthan,2019,3,152,74.6,137.8,47.6,10.3,19.9,23.9,65,29.3,4.1
Jaipur,Rajasthan,2019,4,133,58.4,103.7,43.8,9.0,25.4,25.5,57,0.0,4.1
Jaipur,Rajasthan,2019,5,176,79.3,129.8,38.2,13.9,15.2,25.7,71,49.0,4.1
Jaipur,Rajasthan,2019,6,144,79.3,113.1,35.9,7.5,24.6,33.2,44,268.1,4.1
Jaipur,Rajasthan,2019,7,132,66.1,98.0,36.5,9.5,27.3,29.9,64,196.0,4.1
Jaipur,Rajasthan,2019,8,106,54.3,83.7,34.5,6.9,23.8,22.6,52,174.6,4.1
Jaipur,Rajasthan,2019,9,143,58.4,91.0,54.3,10.5,19.3,27.8,71,72.6,4.1
Jaipur,Rajasthan,2019,10,137,70.4,97.3,33.8,9.4,30.1,34.8,47,53.0,4.1
Jaipur,Rajasthan,2019,11,183,88.6,122.5,36.6,6.4,20.4,25.1,74,66.1,4.1
Jaipur,Rajasthan,2019,12,198,102.1,152.7,37.6,10.7,15.7,22.7,88,43.3,4.1
Jaipur,Rajasthan,2020,1,167,67.8,138.5,42.3,8.2,25.0,22.1,69,16.7,4.1
Jaipur,Rajasthan,2020,2,145,72.1,114.3,40.7,10.2,22.4,24.4,53,0.0,4.1
Jaipur,Rajasthan,2020,3,145,75.1,100.7,43.4,6.7,21.7,22.5,61,17.3,4.1
Jaipur,Rajasthan,2020,4,158,72.9,106.5,49.4,8.4,23.0,27.0,57,33.7,4.1
Jaipur,Rajasthan,2020,5,157,56.7,112.4,41.3,8.5,28.0,24.7,57,4.5,4.1
Jaipur,Rajasthan,2020,6,117,49.9,95.5,34.5,8.9,16.7,25.3,60,287.0,4.1
Jaipur,Rajasthan,2020,7,125,38.6,73.8,41.5,9.2,26.5,27.5,82,198.4,4.1
Jaipur,Rajasthan,2020,8,143,51.3,98.2,31.3,7.5,22.9,27.3,65,182.9,4.1
Jaipur,Rajasthan,2020,9,147,54.2,123.9,40.5,7.0,30.8,23.3,48,0.0,4.1
Jaipur,Rajasthan,2020,10,148,70.1,118.4,57.8,3.5,25.8,25.3,56,0.2,4.1
Jaipur,Rajasthan,2020,11,176,92.7,140.4,43.9,10.7,13.0,23.0,32,0.0,4.1
Jaipur,Rajasthan,2020,12,192,87.2,145.5,36.1,9.6,20.4,22.2,36,37.5,4.1
Jaipur,Rajasthan,2021,1,172,74.2,134.3,44.1,6.3,20.9,15.4,82,16.8,4.1
Jaipur,Rajasthan,2021,2,166,70.5,119.3,38.7,9.8,17.8,28.9,59,0.0,4.1
Jaipur,Rajasthan,2021,3,141,54.0,106.1,34.9,9.9,22.9,26.5,74,63.6,4.1
Jaipur,Rajasthan,2021,4,149,60.9,94.0,38.3,6.8,23.2,26.0,75,0.5,4.1
Jaipur,Rajasthan,2021,5,149,76.5,115.2,42.1,6.8,19.5,24.4,56,55.2,4.1
Jaipur,Rajasthan,2021,6,126,45.9,112.2,43.2,5.2,22.3,27.3,90,175.7,4.1
Jaipur,Rajasthan,2021,7,144,76.0,101.7,40.5,5.9,22.1,26.9,74,263.6,4.1
Jaipur,Rajasthan,2021,8,118,37.4,88.3,42.7,8.5,23.5,27.4,87,235.3,4.1
Jaipur,Rajasthan,2021,9,144,60.8,106.3,52.0,7.6,23.0,25.6,81,103.4,4.1
Jaipur,Rajasthan,2021,10,156,70.9,117.4,28.5,9.5,22.8,28.3,54,9.6,4.1
Jaipur,Rajasthan,2021,11,183,90.5,133.5,56.6,8.9,13.6,26.6,55,0.0,4.1
Jaipur,Rajasthan,2021,12,213,101.5,165.1,46.6,5.2,15.1,22.5,49,0.0,4.1
Jaipur,Rajasthan,2022,1,186,82.6,140.9,48.7,9.3,21.0,23.6,42,45.2,4.1
Jaipur,Rajasthan,2022,2,159,61.6,104.2,38.5,6.7,25.6,25.2,52,0.5,4.1
Jaipur,Rajasthan,2022,3,166,74.8,122.7,42.6,10.6,17.6,30.9,68,18.6,4.1
Jaipur,Rajasthan,2022,4,187,75.7,136.7,37.0,9.9,28.1,32.0,83,17.1,4.1
Jaipur,Rajasthan,2022,5,144,51.4,128.4,45.0,7.0,29.7,24.1,71,18.1,4.1
Jaipur,Rajasthan,2022,6,139,62.0,89.7,42.4,10.1,23.3,29.3,49,218.9,4.1
Jaipur,Rajasthan,2022,7,120,60.0,90.3,45.1,10.2,28.5,27.8,50,219.9,4.1
Jaipur,Rajasthan,2022,8,122,52.1,87.8,35.2,4.1,21.5,27.6,44,220.6,4.1
Jaipur,Rajasthan,2022,9,178,88.3,149.9,46.2,10.3,16.7,25.1,30,72.4,4.1
Jaipur,Rajasthan,2022,10,173,73.4,127.2,39.1,8.8,26.4,21.8,71,13.9,4.1
Jaipur,Rajasthan,2022,11,191,89.6,141.4,43.9,7.6,24.2,28.3,68,0.0,4.1
Jaipur,Rajasthan,2022,12,184,90.0,138.4,48.2,11.5,25.1,20.3,57,0.0,4.1
Jaipur,Rajasthan,2023,1,187,81.5,144.2,43.4,7.4,10.7,17.2,72,93.6,4.1
Jaipur,Rajasthan,2023,2,148,69.2,120.5,37.5,8.7,19.1,29.6,67,36.9,4.1
Jaipur,Rajasthan,2023,3,138,67.8,124.3,35.9,7.3,24.7,29.4,56,0.0,4.1
Jaipur,Rajasthan,2023,4,170,82.6,110.1,39.9,11.1,28.2,29.8,62,28.3,4.1
Jaipur,Rajasthan,2023,5,148,75.6,102.2,37.6,10.0,22.5,31.1,54,22.8,4.1
Jaipur,Rajasthan,2023,6,116,52.3,72.2,37.9,5.1,28.8,29.1,39,273.4,4.1
Jaipur,Rajasthan,2023,7,167,75.5,118.8,60.3,5.4,21.3,27.5,85,234.4,4.1
Jaipur,Rajasthan,2023,8,122,47.3,88.1,35.1,8.1,22.0,22.5,83,200.1,4.1
Jaipur,Rajasthan,2023,9,130,57.2,98.2,31.0,8.7,19.0,32.1,72,9.0,4.1
Jaipur,Rajasthan,2023,10,138,61.3,109.6,41.7,7.6,23.9,25.2,59,0.0,4.1
Jaipur,Rajasthan,2023,11,204,94.2,145.3,56.6,8.2,13.1,29.6,70,40.8,4.1
Jaipur,Rajasthan,2023,12,183,86.0,134.6,47.5,4.2,17.8,25.2,53,0.8,4.1
Jaipur,Rajasthan,2024,1,183,72.6,115.2,42.8,8.3,19.7,19.6,65,65.9,4.1
Jaipur,Rajasthan,2024,2,147,61.6,107.4,45.8,10.8,19.7,27.3,70,0.0,4.1
Jaipur,Rajasthan,2024,3,150,55.8,94.8,44.7,7.2,23.6,26.9,50,23.2,4.1
Jaipur,Rajasthan,2024,4,131,70.1,84.7,40.4,5.9,27.0,26.0,57,59.1,4.1
Jaipur,Rajasthan,2024,5,150,71.6,102.7,34.1,8.2,21.0,28.9,63,33.2,4.1
Jaipur,Rajasthan,2024,6,105,62.4,77.1,44.4,6.3,27.7,23.1,71,205.8,4.1
Jaipur,Rajasthan,2024,7,130,64.1,85.2,37.4,8.9,34.7,26.6,73,215.7,4.1
Jaipur,Rajasthan,2024,8,159,57.6,120.2,33.2,3.0,23.4,27.4,60,215.8,4.1
Jaipur,Rajasthan,2024,9,196,86.1,152.1,40.9,8.6,17.7,25.8,92,72.1,4.1
Jaipur,Rajasthan,2024,10,152,50.0,110.4,58.8,7.5,28.0,31.3,68,0.0,4.1
Jaipur,Rajasthan,2024,11,153,74.3,106.6,43.7,5.5,21.0,27.1,69,0.0,4.1
Jaipur,Rajasthan,2024,12,207,88.4,138.5,44.7,8.1,18.8,24.1,61,20.2,4.1
Lucknow,Uttar Pradesh,2019,1,193,93.4,146.6,42.1,4.2,26.4,16.3,56,39.3,3.9
Lucknow,Uttar Pradesh,2019,2,152,56.5,92.8,46.9,6.9,37.1,24.0,51,2.4,3.9
Lucknow,Uttar Pradesh,2019,3,173,74.1,135.9,37.8,5.2,11.8,20.3,57,13.0,3.9
Lucknow,Uttar Pradesh,2019,4,160,81.9,132.3,41.0,4.4,19.0,25.2,55,0.0,3.9
Lucknow,Uttar Pradesh,2019,5,160,68.9,113.6,44.2,8.7,17.2,30.8,50,0.0,3.9
Lucknow,Uttar Pradesh,2019,6,155,63.2,119.5,28.3,10.8,25.6,22.5,42,286.9,3.9
Lucknow,Uttar Pradesh,2019,7,138,55.4,80.8,39.8,7.5,27.1,22.8,42,238.0,3.9
Lucknow,Uttar Pradesh,2019,8,165,61.7,134.6,43.5,10.2,21.0,19.4,62,262.4,3.9
Lucknow,Uttar Pradesh,2019,9,156,67.1,115.2,25.4,11.3,17.6,28.5,63,75.3,3.9
Lucknow,Uttar Pradesh,2019,10,176,77.3,123.1,48.6,4.3,23.7,23.7,83,31.5,3.9
Lucknow,Uttar Pradesh,2019,11,219,99.2,146.7,40.8,9.3,17.9,30.5,71,0.0,3.9
Lucknow,Uttar Pradesh,2019,12,198,89.9,125.4,54.9,8.9,24.9,15.3,83,114.3,3.9
Lucknow,Uttar Pradesh,2020,1,190,91.7,142.5,35.2,9.0,23.6,18.2,82,0.0,3.9
Lucknow,Uttar Pradesh,2020,2,147,67.2,110.5,38.1,9.6,25.5,29.6,63,49.1,3.9
Lucknow,Uttar Pradesh,2020,3,163,89.8,114.1,55.8,8.1,14.7,31.1,66,59.0,3.9
Lucknow,Uttar Pradesh,2020,4,188,87.3,135.1,50.3,8.0,23.0,20.5,71,0.0,3.9
Lucknow,Uttar Pradesh,2020,5,194,92.3,147.9,47.6,6.0,27.2,33.0,70,88.6,3.9
Lucknow,Uttar Pradesh,2020,6,141,57.1,106.2,44.7,7.2,26.0,27.9,50,240.8,3.9
Lucknow,Uttar Pradesh,2020,7,162,74.3,133.0,35.8,8.9,15.8,23.7,55,182.3,3.9
Lucknow,Uttar Pradesh,2020,8,141,61.7,114.1,40.1,4.8,29.0,24.5,64,237.9,3.9
Lucknow,Uttar Pradesh,2020,9,172,86.2,133.8,38.4,12.4,21.8,26.6,79,35.0,3.9
Lucknow,Uttar Pradesh,2020,10,175,98.7,128.5,41.8,8.2,26.0,22.5,35,1.5,3.9
Lucknow,Uttar Pradesh,2020,11,185,79.9,143.8,38.9,5.1,20.1,29.6,39,57.8,3.9
Lucknow,Uttar Pradesh,2020,12,222,107.5,178.7,59.3,7.3,17.4,18.8,65,86.3,3.9
Lucknow,Uttar Pradesh,2021,1,189,78.2,155.5,50.6,7.3,23.8,21.0,87,28.0,3.9
Lucknow,Uttar Pradesh,2021,2,185,104.4,144.7,44.5,9.4,18.0,34.2,67,14.1,3.9
Lucknow,Uttar Pradesh,2021,3,157,79.4,126.4,39.9,9.2,14.5,27.6,71,93.3,3.9
Lucknow,Uttar Pradesh,2021,4,158,60.9,109.5,34.9,10.7,29.7,28.0,83,30.4,3.9
Lucknow,Uttar Pradesh,2021,5,168,72.9,122.9,34.1,8.5,21.0,29.2,66,18.5,3.9
Lucknow,Uttar Pradesh,2021,6,136,61.8,109.4,34.9,8.2,24.9,24.8,56,229.2,3.9
Lucknow,Uttar Pradesh,2021,7,132,62.2,90.0,48.0,12.7,19.7,28.6,54,261.6,3.9
Lucknow,Uttar Pradesh,2021,8,131,62.8,89.5,40.3,5.9,28.2,24.5,73,206.2,3.9
Lucknow,Uttar Pradesh,2021,9,168,76.8,118.4,44.7,11.1,17.3,30.5,87,0.0,3.9
Lucknow,Uttar Pradesh,2021,10,148,69.0,105.5,53.6,8.1,18.7,23.6,81,2.2,3.9
Lucknow,Uttar Pradesh,2021,11,210,102.1,152.7,45.2,8.0,21.2,28.8,61,27.5,3.9
Lucknow,Uttar Pradesh,2021,12,204,80.0,155.6,56.6,6.2,14.4,17.4,75,42.9,3.9
Lucknow,Uttar Pradesh,2022,1,207,85.8,156.2,36.0,8.3,22.4,16.2,42,88.2,3.9
Lucknow,Uttar Pradesh,2022,2,160,81.1,118.5,42.0,8.9,17.4,27.4,59,0.0,3.9
Lucknow,Uttar Pradesh,2022,3,175,76.6,129.7,36.5,11.2,25.0,29.9,60,0.0,3.9
Lucknow,Uttar Pradesh,2022,4,199,89.1,141.8,47.5,10.3,18.6,30.8,81,0.0,3.9
Lucknow,Uttar Pradesh,2022,5,159,79.2,92.1,42.1,5.1,19.5,26.1,59,2.9,3.9
Lucknow,Uttar Pradesh,2022,6,133,78.2,118.4,34.7,11.2,22.0,27.4,64,193.6,3.9
Lucknow,Uttar Pradesh,2022,7,164,74.8,118.2,35.4,6.2,13.3,27.0,47,209.4,3.9
Lucknow,Uttar Pradesh,2022,8,170,86.1,127.2,43.0,11.8,23.6,26.0,43,235.8,3.9
Lucknow,Uttar Pradesh,2022,9,182,76.8,139.4,41.9,7.6,7.6,26.3,79,0.0,3.9
Lucknow,Uttar Pradesh,2022,10,170,70.5,131.1,42.2,6.1,27.7,29.8,55,44.9,3.9
Lucknow,Uttar Pradesh,2022,11,218,103.2,146.6,51.9,6.9,15.4,34.9,69,9.5,3.9
Lucknow,Uttar Pradesh,2022,12,176,90.3,118.5,37.8,7.3,27.6,22.3,62,37.3,3.9
Lucknow,Uttar Pradesh,2023,1,200,91.1,150.7,50.8,9.9,21.1,18.9,76,21.3,3.9
Lucknow,Uttar Pradesh,2023,2,153,65.6,115.6,48.1,7.6,16.3,27.2,66,32.4,3.9
Lucknow,Uttar Pradesh,2023,3,183,90.5,131.3,40.5,5.9,23.5,31.3,60,15.3,3.9
Lucknow,Uttar Pradesh,2023,4,192,90.4,148.4,37.5,9.4,14.6,23.6,59,1.6,3.9
Lucknow,Uttar Pradesh,2023,5,166,63.2,134.1,50.1,4.1,26.2,24.6,77,22.3,3.9
Lucknow,Uttar Pradesh,2023,6,150,66.0,124.6,35.1,9.2,28.1,29.1,95,198.8,3.9
Lucknow,Uttar Pradesh,2023,7,164,73.0,135.3,43.2,7.2,28.0,25.5,43,199.3,3.9
Lucknow,Uttar Pradesh,2023,8,159,82.7,120.4,50.9,5.3,19.7,26.1,63,223.4,3.9
Lucknow,Uttar Pradesh,2023,9,180,77.4,136.4,43.7,6.1,19.6,26.6,62,26.3,3.9
Lucknow,Uttar Pradesh,2023,10,171,73.5,141.0,36.5,6.6,34.8,23.9,44,54.4,3.9
Lucknow,Uttar Pradesh,2023,11,178,78.2,155.0,34.6,4.0,12.9,29.7,81,4.5,3.9
Lucknow,Uttar Pradesh,2023,12,220,110.1,182.9,44.5,3.4,12.9,18.7,61,17.5,3.9
Lucknow,Uttar Pradesh,2024,1,226,111.9,167.8,52.9,8.7,16.8,22.7,66,107.3,3.9
Lucknow,Uttar Pradesh,2024,2,148,62.5,109.7,45.0,10.5,22.6,22.7,77,55.2,3.9
Lucknow,Uttar Pradesh,2024,3,140,63.0,89.1,38.0,6.2,27.4,27.4,45,60.2,3.9
Lucknow,Uttar Pradesh,2024,4,148,69.2,102.9,40.2,9.0,25.4,31.0,63,37.3,3.9
Lucknow,Uttar Pradesh,2024,5,163,74.8,126.6,42.6,4.4,23.2,28.1,54,0.0,3.9
Lucknow,Uttar Pradesh,2024,6,172,81.3,126.7,36.8,6.4,27.4,27.4,56,240.4,3.9
Lucknow,Uttar Pradesh,2024,7,137,73.7,116.3,39.1,6.7,10.5,22.6,44,225.4,3.9
Lucknow,Uttar Pradesh,2024,8,145,54.5,105.9,45.3,9.1,13.5,26.6,44,256.1,3.9
Lucknow,Uttar Pradesh,2024,9,181,74.3,128.1,41.3,3.5,21.8,26.2,79,0.0,3.9
Lucknow,Uttar Pradesh,2024,10,160,59.9,110.0,35.9,10.0,18.3,27.4,59,0.0,3.9
Lucknow,Uttar Pradesh,2024,11,207,97.9,143.2,50.2,6.3,15.6,28.6,55,26.5,3.9
Lucknow,Uttar Pradesh,2024,12,205,93.3,129.9,34.3,9.2,23.4,17.3,61,36.8,3.9
